date,type
2025-08-25,Lundi
2025-08-26,Mardi
2025-08-27,Mercredi
2025-08-28,Jeudi
2025-08-29,Vendredi
2025-08-30,vacances
2025-08-31,vacances
2025-09-01,Lundi
2025-09-02,Mardi
2025-09-03,Mercredi
2025-09-04,Jeudi
2025-09-05,Vendredi
2025-09-06,vacances
2025-09-07,vacances
2025-09-08,Lundi
2025-09-09,Mardi
2025-09-10,Mercredi
2025-09-11,Jeudi
2025-09-12,Vendredi
2025-09-13,vacances
2025-09-14,vacances
2025-09-15,Lundi
2025-09-16,Mardi
2025-09-17,Mercredi
2025-09-18,Jeudi
2025-09-19,Vendredi
2025-09-20,vacances
2025-09-21,vacances
2025-09-22,Lundi
2025-09-23,Mardi
2025-09-24,Mercredi
2025-09-25,Jeudi
2025-09-26,Vendredi
2025-09-27,vacances
2025-09-28,vacances
2025-09-29,Lundi
2025-09-30,Mardi
2025-10-01,Mercredi
2025-10-02,Jeudi
2025-10-03,Vendredi
2025-10-04,vacances
2025-10-05,vacances
2025-10-06,Lundi
2025-10-07,Mardi
2025-10-08,Mercredi
2025-10-09,Jeudi
2025-10-10,Vendredi
2025-10-11,vacances
2025-10-12,vacances
2025-10-13,Lundi
2025-10-14,Mardi
2025-10-15,Mercredi
2025-10-16,Jeudi
2025-10-17,Vendredi
2025-10-18,vacances
2025-10-19,vacances
2025-10-20,vacances
2025-10-21,vacances
2025-10-22,vacances
2025-10-23,vacances
2025-10-24,vacances
2025-10-25,vacances
2025-10-26,vacances
2025-10-27,vacances
2025-10-28,vacances
2025-10-29,vacances
2025-10-30,vacances
2025-10-31,vacances
2025-11-01,vacances
2025-11-02,vacances
2025-11-03,Lundi
2025-11-04,Mardi
2025-11-05,Mercredi
2025-11-06,Jeudi
2025-11-07,Vendredi
2025-11-08,vacances
2025-11-09,vacances
2025-11-10,Lundi
2025-11-11,Mardi
2025-11-12,Mercredi
2025-11-13,Jeudi
2025-11-14,Vendredi
2025-11-15,vacances
2025-11-16,vacances
2025-11-17,Lundi
2025-11-18,Mardi
2025-11-19,Mercredi
2025-11-20,Jeudi
2025-11-21,Vendredi
2025-11-22,vacances
2025-11-23,vacances
2025-11-24,Lundi
2025-11-25,Mardi
2025-11-26,Mercredi
2025-11-27,Jeudi
2025-11-28,Vendredi
2025-11-29,vacances
2025-11-30,vacances
2025-12-01,Lundi
2025-12-02,Mardi
2025-12-03,Mercredi
2025-12-04,Jeudi
2025-12-05,Vendredi
2025-12-06,vacances
2025-12-07,vacances
2025-12-08,Lundi
2025-12-09,Mardi
2025-12-10,Mercredi
2025-12-11,Jeudi
2025-12-12,Vendredi
2025-12-13,vacances
2025-12-14,vacances
2025-12-15,Lundi
2025-12-16,Mardi
2025-12-17,Mercredi
2025-12-18,Jeudi
2025-12-19,Vendredi
2025-12-20,vacances
2025-12-21,vacances
2025-12-22,vacances
2025-12-23,vacances
2025-12-24,vacances
2025-12-25,vacances
2025-12-26,vacances
2025-12-27,vacances
2025-12-28,vacances
2025-12-29,vacances
2025-12-30,vacances
2025-12-31,vacances
2026-01-01,vacances
2026-01-02,vacances
2026-01-03,vacances
2026-01-04,vacances
2026-01-05,Lundi
2026-01-06,Mardi
2026-01-07,Mercredi
2026-01-08,Jeudi
2026-01-09,Vendredi
2026-01-10,vacances
2026-01-11,vacances
2026-01-12,Lundi
2026-01-13,Mardi
2026-01-14,Mercredi
2026-01-15,Jeudi
2026-01-16,Vendredi
2026-01-17,vacances
2026-01-18,vacances
2026-01-19,Lundi
2026-01-20,Mardi
2026-01-21,Mercredi
2026-01-22,Jeudi
2026-01-23,Vendredi
2026-01-24,vacances
2026-01-25,vacances
2026-01-26,Lundi
2026-01-27,Mardi
2026-01-28,Mercredi
2026-01-29,Jeudi
2026-01-30,Vendredi
2026-01-31,vacances
2026-02-01,vacances
2026-02-02,Lundi
2026-02-03,Mardi
2026-02-04,Mercredi
2026-02-05,Jeudi
2026-02-06,Vendredi
2026-02-07,vacances
2026-02-08,vacances
2026-02-09,Lundi
2026-02-10,Mardi
2026-02-11,Mercredi
2026-02-12,Jeudi
2026-02-13,Vendredi
2026-02-14,vacances
2026-02-15,vacances
2026-02-16,vacances
2026-02-17,vacances
2026-02-18,vacances
2026-02-19,vacances
2026-02-20,vacances
2026-02-21,vacances
2026-02-22,vacances
2026-02-23,vacances
2026-02-24,vacances
2026-02-25,vacances
2026-02-26,vacances
2026-02-27,vacances
2026-02-28,vacances
2026-03-01,vacances
2026-03-02,Lundi
2026-03-03,Mardi
2026-03-04,Mercredi
2026-03-05,Jeudi
2026-03-06,Vendredi
2026-03-07,vacances
2026-03-08,vacances
2026-03-09,Lundi
2026-03-10,Mardi
2026-03-11,Mercredi
2026-03-12,Jeudi
2026-03-13,Vendredi
2026-03-14,vacances
2026-03-15,vacances
2026-03-16,Lundi
2026-03-17,Mardi
2026-03-18,Mercredi
2026-03-19,Jeudi
2026-03-20,Vendredi
2026-03-21,vacances
2026-03-22,vacances
2026-03-23,Lundi
2026-03-24,Mardi
2026-03-25,Mercredi
2026-03-26,Jeudi
2026-03-27,Vendredi
2026-03-28,vacances
2026-03-29,vacances
2026-03-30,Lundi
2026-03-31,Mardi
2026-04-01,Mercredi
2026-04-02,Jeudi
2026-04-03,Vendredi
2026-04-04,vacances
2026-04-05,vacances
2026-04-06,Lundi
2026-04-07,Mardi
2026-04-08,Mercredi
2026-04-09,Jeudi
2026-04-10,Vendredi
2026-04-11,vacances
2026-04-12,vacances
2026-04-13,vacances
2026-04-14,vacances
2026-04-15,vacances
2026-04-16,vacances
2026-04-17,vacances
2026-04-18,vacances
2026-04-19,vacances
2026-04-20,vacances
2026-04-21,vacances
2026-04-22,vacances
2026-04-23,vacances
2026-04-24,vacances
2026-04-25,vacances
2026-04-26,vacances
2026-04-27,Lundi
2026-04-28,Mardi
2026-04-29,Mercredi
2026-04-30,Jeudi
2026-05-01,Vendredi
2026-05-02,vacances
2026-05-03,vacances
2026-05-04,Lundi
2026-05-05,Mardi
2026-05-06,Mercredi
2026-05-07,Jeudi
2026-05-08,Vendredi
2026-05-09,vacances
2026-05-10,vacances
2026-05-11,Lundi
2026-05-12,Mardi
2026-05-13,Mercredi
2026-05-14,Jeudi
2026-05-15,Vendredi
2026-05-16,vacances
2026-05-17,vacances
2026-05-18,Lundi
2026-05-19,Mardi
2026-05-20,Mercredi
2026-05-21,Jeudi
2026-05-22,Vendredi
2026-05-23,vacances
2026-05-24,vacances
2026-05-25,Lundi
2026-05-26,Mardi
2026-05-27,Mercredi
2026-05-28,Jeudi
2026-05-29,Vendredi
2026-05-30,vacances
2026-05-31,vacances
2026-06-01,Lundi
2026-06-02,Mardi
2026-06-03,Mercredi
2026-06-04,Jeudi
2026-06-05,Vendredi
2026-06-06,vacances
2026-06-07,vacances
2026-06-08,Lundi
2026-06-09,Mardi
2026-06-10,Mercredi
2026-06-11,Jeudi
2026-06-12,Vendredi
2026-06-13,vacances
2026-06-14,vacances
2026-06-15,Lundi
2026-06-16,Mardi
2026-06-17,Mercredi
2026-06-18,Jeudi
2026-06-19,Vendredi
2026-06-20,vacances
2026-06-21,vacances
2026-06-22,Lundi
2026-06-23,Mardi
2026-06-24,Mercredi
2026-06-25,Jeudi
2026-06-26,Vendredi
2026-06-27,vacances
2026-06-28,vacances
2026-06-29,Lundi
2026-06-30,Mardi
2026-07-01,Mercredi
2026-07-02,Jeudi
2026-07-03,Vendredi
2026-07-04,vacances
2026-07-05,vacances
2026-07-06,vacances
2026-07-07,vacances
2026-07-08,vacances
2026-07-09,vacances
2026-07-10,vacances
2026-07-11,vacances
2026-07-12,vacances
2026-07-13,vacances
2026-07-14,vacances
2026-07-15,vacances
2026-07-16,vacances
2026-07-17,vacances
2026-07-18,vacances
2026-07-19,vacances
2026-07-20,vacances
2026-07-21,vacances
2026-07-22,vacances
2026-07-23,vacances
2026-07-24,vacances
2026-07-25,vacances
2026-07-26,vacances
2026-07-27,vacances
2026-07-28,vacances
2026-07-29,vacances
2026-07-30,vacances
2026-07-31,vacances
2026-08-01,vacances
2026-08-02,vacances
2026-08-03,vacances
2026-08-04,vacances
2026-08-05,vacances
2026-08-06,vacances
2026-08-07,vacances
2026-08-08,vacances
2026-08-09,vacances
2026-08-10,vacances
2026-08-11,vacances
2026-08-12,vacances
2026-08-13,vacances
2026-08-14,vacances
2026-08-15,vacances
2026-08-16,vacances
2026-08-17,vacances
2026-08-18,vacances
2026-08-19,vacances
2026-08-20,vacances
2026-08-21,vacances
2026-08-22,vacances
2026-08-23,vacances
2026-08-24,vacances
2026-08-25,vacances
2026-08-26,vacances
2026-08-27,vacances
2026-08-28,vacances
2026-08-29,vacances
2026-08-30,vacances
2026-08-31,vacances
2026-09-01,vacances
2026-09-02,vacances
2026-09-03,vacances
2026-09-04,vacances
2026-09-05,vacances
2026-09-06,vacances
