date,label
2026-10-19,Vacances Toussaint
2026-10-20,Vacances Toussaint
2026-10-21,Vacances Toussaint
2026-10-22,Vacances Toussaint
2026-10-23,Vacances Toussaint
2026-10-26,Vacances Toussaint
2026-10-27,Vacances Toussaint
2026-10-28,Vacances Toussaint
2026-10-29,Vacances Toussaint
2026-10-30,Vacances Toussaint
2026-12-21,Vacances Noel
2026-12-22,Vacances Noel
2026-12-23,Vacances Noel
2026-12-24,Vacances Noel
2026-12-25,Vacances Noel
2026-12-28,Vacances Noel
2026-12-29,Vacances Noel
2026-12-30,Vacances Noel
2026-12-31,Vacances Noel
2027-01-01,Vacances Noel
2027-02-15,Vacances Hiver
2027-02-16,Vacances Hiver
2027-02-17,Vacances Hiver
2027-02-18,Vacances Hiver
2027-02-19,Vacances Hiver
2027-02-22,Vacances Hiver
2027-02-23,Vacances Hiver
2027-02-24,Vacances Hiver
2027-02-25,Vacances Hiver
2027-02-26,Vacances Hiver
2027-04-12,Vacances Printemps
2027-04-13,Vacances Printemps
2027-04-14,Vacances Printemps
2027-04-15,Vacances Printemps
2027-04-16,Vacances Printemps
2027-04-19,Vacances Printemps
2027-04-20,Vacances Printemps
2027-04-21,Vacances Printemps
2027-04-22,Vacances Printemps
2027-04-23,Vacances Printemps
2027-07-05,Vacances Ete
2027-07-06,Vacances Ete
2027-07-07,Vacances Ete
2027-07-08,Vacances Ete
2027-07-09,Vacances Ete
2027-07-12,Vacances Ete
2027-07-13,Vacances Ete
2027-07-14,Vacances Ete
2027-07-15,Vacances Ete
2027-07-16,Vacances Ete
2027-07-19,Vacances Ete
2027-07-20,Vacances Ete
2027-07-21,Vacances Ete
2027-07-22,Vacances Ete
2027-07-23,Vacances Ete
2027-07-26,Vacances Ete
2027-07-27,Vacances Ete
2027-07-28,Vacances Ete
2027-07-29,Vacances Ete
2027-07-30,Vacances Ete
2027-08-02,Vacances Ete
2027-08-03,Vacances Ete
2027-08-04,Vacances Ete
2027-08-05,Vacances Ete
2027-08-06,Vacances Ete
2027-08-09,Vacances Ete
2027-08-10,Vacances Ete
2027-08-11,Vacances Ete
2027-08-12,Vacances Ete
2027-08-13,Vacances Ete
2027-08-16,Vacances Ete
2027-08-17,Vacances Ete
2027-08-18,Vacances Ete
2027-08-19,Vacances Ete
2027-08-20,Vacances Ete
2027-08-23,Vacances Ete
2027-08-24,Vacances Ete
2027-08-25,Vacances Ete
2027-08-26,Vacances Ete
2027-08-27,Vacances Ete
2027-08-30,Vacances Ete
2027-08-31,Vacances Ete
